,root,majmin,majminbass,sevenths,seventhsbass,triads,triadsbass,tetrads,tetradsbass,segmentation,undersegmentation,oversegmentation
count,415.0,415.0,415.0,415.0,415.0,415.0,415.0,415.0,415.0,415.0,415.0,415.0
mean,0.7920200663507022,0.7788077380606403,0.7412292501899045,0.6410140968943067,0.6072807360618893,0.7297123660893636,0.6952403541255089,0.5901489944687747,0.5606030931851739,0.8060485561111368,0.8269905630557585,0.8677238252878258
std,0.16983666383815788,0.18197049840485835,0.189835326824587,0.2295832185376962,0.23589908119122271,0.21467942364326062,0.21874940953648983,0.24406568955257849,0.24922460914438532,0.11813738893372654,0.1137706629193551,0.0891214664234533
min,0.004694835680751147,0.004694835680751147,0.004694835680751147,0.004694835680751147,0.004694835680751147,0.004694835680751147,0.004694835680751147,0.004694835680751147,0.004694835680751147,0.26871063829787234,0.26871063829787234,0.3525037593984962
25%,0.7425812009447473,0.7355115541576436,0.6646982640679122,0.4907331767381961,0.4360444410348901,0.6674844076655049,0.5998564240057508,0.42842530209891055,0.37303524982434744,0.7464716901109774,0.7719834797809976,0.8406486433686732
50%,0.8422424242424245,0.8333820142915155,0.7907218854467535,0.6886360243882838,0.651610460195126,0.7978684592902522,0.750770989482251,0.6329887552992556,0.588406695079168,0.8423574501586654,0.8580648535564854,0.8967479674796748
75%,0.9081906331613279,0.904195957444694,0.8859843818437975,0.8290593370540589,0.8120600084439797,0.8787676193845554,0.8616910427041449,0.8032160522559423,0.7771421464433463,0.8892525051808714,0.9073878855073669,0.9254252786718273
max,0.9702684633885553,0.9865464090468138,0.9865464090468138,0.9865464090468138,0.9865464090468138,0.9702684633885553,0.965839968388379,0.9702684633885553,0.9539999999999997,0.9665112060371723,0.9770967741935487,0.9842717873086733
